<xml>
<?xml version="1.0" encoding="UTF-8"?>
<?xml-stylesheet href="hide-it.xsl" type="text/xsl"?>

<layouttype>Fuck Off You Nosey Cunt</layouttype>

<!----   DO NOT EDIT ABOVE THIS LINE!!!  BASIC OBFUSCATION METHODS!!!-->
<plugin>
    <title>Top Music Mafia </title>
    <link>plugin://plugin.video.youtube/channel/UCVDKPOPmcsZuEjLVqFgQDcg/playlists/</link>
    <animated_thumbnail></animated_thumbnail>
    <thumbnail>https://yt3.ggpht.com/-ZBfonKtthac/AAAAAAAAAAI/AAAAAAAAAAA/DDPnnKeyolU/s288-mo-c-c0xffffffff-rj-k-no/photo.jpg</thumbnail>
    <animated_fanart></animated_fanart>
    <fanart></fanart>
  </plugin>
<plugin>
    <title>DSC Top music charts</title>
    <link>plugin://plugin.video.youtube/channel/UCnGIpOK3Ufv0mDux0TGNfVw/playlists/</link>
    <animated_thumbnail></animated_thumbnail>
    <thumbnail>https://yt3.ggpht.com/-CcKT-36udWw/AAAAAAAAAAI/AAAAAAAAAAA/fHbQouRIdyM/s288-mo-c-c0xffffffff-rj-k-no/photo.jpg</thumbnail>
    <animated_fanart></animated_fanart>
    <fanart></fanart>
  </plugin>