<xml>
<?xml version="1.0" encoding="UTF-8"?>
<?xml-stylesheet href="hide-it.xsl" type="text/xsl"?>

<layouttype>Fuck Off You Nosey Cunt</layouttype>

<!----   DO NOT EDIT ABOVE THIS LINE!!!  BASIC OBFUSCATION METHODS!!!-->
<plugin>
<title>[COLORlimegreen]AVTO CLASS[/COLOR]</title>
<link>plugin://plugin.video.youtube/channel/UCm0isf-hnhiUE5MnoV4MeBA/playlists/</link>
<thumbnail>https://yt3.ggpht.com/-vuDyf55jrT0/AAAAAAAAAAI/AAAAAAAAAAA/tmY_xo7Y9Ao/s288-mo-c-c0xffffffff-rj-k-no/photo.jpg</thumbnail>
</plugin>