<xml>
<?xml version="1.0" encoding="UTF-8"?>
<?xml-stylesheet href="hide-it.xsl" type="text/xsl"?>

<layouttype>Fuck Off You Nosey Cunt</layouttype>

<!----   DO NOT EDIT ABOVE THIS LINE!!!  BASIC OBFUSCATION METHODS!!!-->

<title>[COLORgold]TUTORIALS[/COLOR]</title>

<plugin>
    <title>[COLORgold]jaguar skills[/COLOR]</title>
    <link>plugin://plugin.video.youtube/channel/UC46gi9Vlgi_KONgaVLqUGOw/playlists/</link>
    <animated_thumbnail></animated_thumbnail>
    <thumbnail>https://yt3.ggpht.com/-O7AVnAoVgv0/AAAAAAAAAAI/AAAAAAAAAAA/1VFWzJSudMQ/s288-mo-c-c0xffffffff-rj-k-no/photo.jpg</thumbnail>
    <animated_fanart></animated_fanart>
    <fanart></fanart>
  </plugin>
 
  <plugin>
    <title>[COLORgold]Boiler Room[/COLOR]</title>
    <link>plugin://plugin.video.youtube/channel/UCGBpxWJr9FNOcFYA5GkKrMg/playlists/</link>
    <animated_thumbnail></animated_thumbnail>
    <thumbnail>https://yt3.ggpht.com/-b3wBbPVe2h0/AAAAAAAAAAI/AAAAAAAAAAA/84JxKhOhayo/s288-mo-c-c0xffffffff-rj-k-no/photo.jpg</thumbnail>
    <animated_fanart></animated_fanart>
    <fanart></fanart>
  </plugin>
 
  <plugin>
    <title>[COLORgold]SLAM![/COLOR]</title>
    <link>plugin://plugin.video.youtube/channel/UCVOaYjNLMhIqW0faahP7uZw/playlists/</link>
    <animated_thumbnail></animated_thumbnail>
    <thumbnail>https://yt3.ggpht.com/-4fiwGcEOTDY/AAAAAAAAAAI/AAAAAAAAAAA/mOw2wIBxzbU/s288-mo-c-c0xffffffff-rj-k-no/photo.jpg</thumbnail>
    <animated_fanart></animated_fanart>
    <fanart></fanart>
  </plugin>

  <plugin>
    <title>[COLORgold]DJ Mag[/COLOR]</title>
    <link>plugin://plugin.video.youtube/channel/UCJEKlziKdxoos1qbptjGgLg/playlists/</link>
    <animated_thumbnail></animated_thumbnail>
    <thumbnail>https://yt3.ggpht.com/-TXPGpdXAgIk/AAAAAAAAAAI/AAAAAAAAAAA/Zsv4DzApR_s/s288-mo-c-c0xffffffff-rj-k-no/photo.jpg</thumbnail>
    <animated_fanart></animated_fanart>
    <fanart></fanart>
  </plugin>

  <plugin>
    <title>[COLORgold]Tiësto[/COLOR]</title>
    <link>plugin://plugin.video.youtube/channel/UCPk3RMMXAfLhMJPFpQhye9g/playlists/</link>
    <animated_thumbnail></animated_thumbnail>
    <thumbnail>https://yt3.ggpht.com/-IKUxTd9MtfU/AAAAAAAAAAI/AAAAAAAAAAA/b26T9-6Y2qU/s288-mo-c-c0xffffffff-rj-k-no/photo.jpg</thumbnail>
    <animated_fanart></animated_fanart>
    <fanart></fanart>
  </plugin>
  <plugin>
    <title>[COLORgold]Pioneer DJ[/COLOR]</title>
    <link>plugin://plugin.video.youtube/channel/UCg70JR8kcR0fTdarQf9xj_w/playlists/</link>
    <animated_thumbnail></animated_thumbnail>
    <thumbnail>https://yt3.ggpht.com/-fAUzdetK6KE/AAAAAAAAAAI/AAAAAAAAAAA/GexAA9yEwvI/s288-mo-c-c0xffffffff-rj-k-no/photo.jpg</thumbnail>
    <animated_fanart></animated_fanart>
    <fanart></fanart>
  </plugin>
  <plugin>
    <title>[COLORgold]Mixmag[/COLOR]</title>
    <link>plugin://plugin.video.youtube/channel/UCQdCIrTpkhEH5Z8KPsn7NvQ/playlists/</link>
    <animated_thumbnail></animated_thumbnail>
    <thumbnail>https://yt3.ggpht.com/-sMYM2bHyA9o/AAAAAAAAAAI/AAAAAAAAAAA/E42HtKlAI-Y/s288-mo-c-c0xffffffff-rj-k-no/photo.jpg</thumbnail>
    <animated_fanart></animated_fanart>
    <fanart></fanart>
  </plugin>
  <plugin>
    <title>[COLORgold]Tomorrowland[/COLOR]</title>
    <link>plugin://plugin.video.youtube/channel/UCsN8M73DMWa8SPp5o_0IAQQ/playlists/</link>
    <animated_thumbnail></animated_thumbnail>
    <thumbnail>https://yt3.ggpht.com/-3XgUfBpSx-U/AAAAAAAAAAI/AAAAAAAAAAA/dvkt4EKQbMs/s288-mo-c-c0xffffffff-rj-k-no/photo.jpg</thumbnail>
    <animated_fanart></animated_fanart>
    <fanart></fanart>
  </plugin>
  <plugin>
    <title>[COLORgold]Laidback Luke[/COLOR]</title>
    <link>plugin://plugin.video.youtube/channel/UC1vdi4J54ucetZoFAfQenMg/playlists/</link>
    <animated_thumbnail></animated_thumbnail>
    <thumbnail>https://yt3.ggpht.com/-uo7WC-roywI/AAAAAAAAAAI/AAAAAAAAAAA/dKL5fcsuvIg/s288-mo-c-c0xffffffff-rj-k-no/photo.jpg</thumbnail>
    <animated_fanart></animated_fanart>
    <fanart></fanart>
  </plugin>
  <plugin>
    <title>[COLORgold]Armin van Buuren[/COLOR]</title>
    <link>plugin://plugin.video.youtube/channel/UCGZXYc32ri4D0gSLPf2pZXQ/playlists/</link>
    <animated_thumbnail></animated_thumbnail>
    <thumbnail>https://yt3.ggpht.com/-bp-G-1ubrMA/AAAAAAAAAAI/AAAAAAAAAAA/lysFIFc6AaQ/s288-mo-c-c0xffffffff-rj-k-no/photo.jpg</thumbnail>
    <animated_fanart></animated_fanart>
    <fanart></fanart>
  </plugin>
  <plugin>
    <title>[COLORgold]Hardwell[/COLOR]</title>
    <link>plugin://plugin.video.youtube/channel/UCPT5Q93YbgJ_7du1gV7UHQQ/playlists/</link>
    <animated_thumbnail></animated_thumbnail>
    <thumbnail>https://yt3.ggpht.com/-1T1SCHCg1FQ/AAAAAAAAAAI/AAAAAAAAAAA/8FY0PMmPr3I/s288-mo-c-c0xffffffff-rj-k-no/photo.jpg</thumbnail>
    <animated_fanart></animated_fanart>
    <fanart></fanart>
  </plugin>
  <plugin>
    <title>[COLORgold]Martin Garrix[/COLOR]</title>
    <link>plugin://plugin.video.youtube/channel/UC5H_KXkPbEsGs0tFt8R35mA/playlists/</link>
    <animated_thumbnail></animated_thumbnail>
    <thumbnail>https://yt3.ggpht.com/-KRv6BJdFwk8/AAAAAAAAAAI/AAAAAAAAAAA/pQpuy_-RPhE/s288-mo-c-c0xffffffff-rj-k-no/photo.jpg</thumbnail>
    <animated_fanart></animated_fanart>
    <fanart></fanart>
  </plugin>
    <plugin>
    <title>[COLORgold]Alesso[/COLOR]</title>
    <link>plugin://plugin.video.youtube/channel/UC05i95k-w8CvrtZ-yGTob7A/playlists/</link>
    <animated_thumbnail></animated_thumbnail>
    <thumbnail>https://yt3.ggpht.com/-tg7sEiUsVn0/AAAAAAAAAAI/AAAAAAAAAAA/Ah3e5rvqgrE/s288-mo-c-c0xffffffff-rj-k-no/photo.jpg</thumbnail>
    <animated_fanart></animated_fanart>
    <fanart></fanart>
  </plugin>
    <plugin>
    <title>[COLORgold]Techno Live Sets[/COLOR]</title>
    <link>plugin://plugin.video.youtube/channel/UC6jtFIgP23sOhS3PTIMSoBQ/playlists/</link>
    <animated_thumbnail></animated_thumbnail>
    <thumbnail>https://yt3.ggpht.com/-3kFTL0lD3-w/AAAAAAAAAAI/AAAAAAAAAAA/R_AuUGYqHvM/s288-mo-c-c0xffffffff-rj-k-no/photo.jpg</thumbnail>
    <animated_fanart></animated_fanart>
    <fanart></fanart>
  </plugin>
    <plugin>
    <title>[COLORgold]Robin Schulz[/COLOR]</title>
    <link>plugin://plugin.video.youtube/channel/UCLVVBWrp9jw4-SYUoU42hcg/playlists/</link>
    <animated_thumbnail></animated_thumbnail>
    <thumbnail>https://yt3.ggpht.com/-klQaB90iaPA/AAAAAAAAAAI/AAAAAAAAAAA/bnd00afOeTs/s288-mo-c-c0xffffffff-rj-k-no/photo.jpg</thumbnail>
    <animated_fanart></animated_fanart>
    <fanart></fanart>
  </plugin>
    <plugin>
    <title>[COLORgold]Paul van Dyk[/COLOR]</title>
    <link>plugin://plugin.video.youtube/channel/UCodQo76JWa75exuuEpucVeA/playlists/</link>
    <animated_thumbnail></animated_thumbnail>
    <thumbnail>https://yt3.ggpht.com/-aPoj_J8vpBs/AAAAAAAAAAI/AAAAAAAAAAA/dEh4nHN6paI/s288-mo-c-c0xffffffff-rj-k-no/photo.jpg</thumbnail>
    <animated_fanart></animated_fanart>
    <fanart></fanart>
  </plugin>
    <plugin>
    <title>[COLORgold]Dimitri Vegas & Like Mike[/COLOR]</title>
    <link>plugin://plugin.video.youtube/channel/UCxmNWF8fQ4miqfGs84dFVrg/playlists/</link>
    <animated_thumbnail></animated_thumbnail>
    <thumbnail>https://yt3.ggpht.com/-huXxNKUt9hE/AAAAAAAAAAI/AAAAAAAAAAA/5JUWEc3jXjw/s288-mo-c-c0xffffffff-rj-k-no/photo.jpg</thumbnail>
    <animated_fanart></animated_fanart>
    <fanart></fanart>
  </plugin>
    <plugin>
    <title>[COLORgold]Djs From Mars[/COLOR]</title>
    <link>plugin://plugin.video.youtube/channel/UCoOCqoa6mPhPp_xUrS6DJSw/playlists/</link>
    <animated_thumbnail></animated_thumbnail>
    <thumbnail>https://yt3.ggpht.com/-ziSNDurfkVQ/AAAAAAAAAAI/AAAAAAAAAAA/Zn2vshtYTCo/s288-mo-c-c0xffffffff-rj-k-no/photo.jpg</thumbnail>
    <animated_fanart></animated_fanart>
    <fanart></fanart>
  </plugin>
    <plugin>
    <title>[COLORgold]Krafty Kuts[/COLOR]</title>
    <link>plugin://plugin.video.youtube/channel/UCnOV-u7XPLLKaBpi0hjgnBw/playlists/</link>
    <animated_thumbnail></animated_thumbnail>
    <thumbnail>https://yt3.ggpht.com/-MDadUeXPOPc/AAAAAAAAAAI/AAAAAAAAAAA/ffzUjUgNAl0/s288-mo-c-c0xffffffff-rj-k-no/photo.jpg</thumbnail>
    <animated_fanart></animated_fanart>
    <fanart></fanart>
  </plugin>
    <plugin>
    <title>[COLORgold]Paul Oakenfold[/COLOR]</title>
    <link>plugin://plugin.video.youtube/channel/UC3J9EIm0n-NU1RBPlsWIT7g/playlists/</link>
    <animated_thumbnail></animated_thumbnail>
    <thumbnail>https://yt3.ggpht.com/-R87lcX3cDVA/AAAAAAAAAAI/AAAAAAAAAAA/96R-UbnSD94/s288-mo-c-c0xffffffff-rj-k-no/photo.jpg</thumbnail>
    <animated_fanart></animated_fanart>
    <fanart></fanart>
  </plugin>