<xml>
<?xml version="1.0" encoding="UTF-8"?>
<?xml-stylesheet href="hide-it.xsl" type="text/xsl"?>

<layouttype>Fuck Off You Nosey Cunt</layouttype>

<!----   DO NOT EDIT ABOVE THIS LINE!!!  BASIC OBFUSCATION METHODS!!!-->
<plugin>
    <title>Fitness Blender</title>
    <link>plugin://plugin.video.youtube/channel/UCiP6wD_tYlYLYh3agzbByWQ/playlists/</link>
    <animated_thumbnail></animated_thumbnail>
    <thumbnail>https://yt3.ggpht.com/-60HgUrZsM18/AAAAAAAAAAI/AAAAAAAAAAA/EhMzQ6LTPOk/s288-mo-c-c0xffffffff-rj-k-no/photo.jpg</thumbnail>
    <animated_fanart></animated_fanart>
    <fanart></fanart>
  </plugin>
 
<plugin>
    <title>Lex Fitness</title>
    <link>plugin://plugin.video.youtube/channel/UCdnioRJZSXZoj5cl9Oys-nA/playlists/</link>
    <animated_thumbnail></animated_thumbnail>
    <thumbnail>https://yt3.ggpht.com/-XF0qCoxazsY/AAAAAAAAAAI/AAAAAAAAAAA/RU9M3GXXaMI/s288-mo-c-c0xffffffff-rj-k-no/photo.jpg</thumbnail>
    <animated_fanart></animated_fanart>
    <fanart></fanart>
  </plugin>
 
<plugin>
    <title>Love Yourself</title>
    <link>plugin://plugin.video.youtube/channel/UC69F7dpdZDnBBSpjJQ4BPbg/playlists/</link>
    <animated_thumbnail></animated_thumbnail>
    <thumbnail>https://yt3.ggpht.com/-blDUaiE2NKg/AAAAAAAAAAI/AAAAAAAAAAA/mKcqd5Nul1A/s288-mo-c-c0xffffffff-rj-k-no/photo.jpg</thumbnail>
    <animated_fanart></animated_fanart>
    <fanart></fanart>
  </plugin>