<xml>
<?xml version="1.0" encoding="UTF-8"?>
<?xml-stylesheet href="hide-it.xsl" type="text/xsl"?>

<layouttype>Fuck Off You Nosey Cunt</layouttype>

<!----   DO NOT EDIT ABOVE THIS LINE!!!  BASIC OBFUSCATION METHODS!!!-->


<<dir>
<title>[COLORgold]Mushqui[/COLOR]</title>
<link>file://formats/mush.xml</link>
<thumbnail>https://mushqui.000webhostapp.com/electro%20house%20mixes/icon.png</thumbnail>
</dir>

<<dir>
<title>[COLORgold]Test[/COLOR]</title>
<link>file://formats/test.xml</link>
<thumbnail>https://mushqui.000webhostapp.com/electro%20house%20mixes/icon.png</thumbnail>
</dir>

<<dir>
<title>[COLORgold]Test 2[/COLOR]</title>
<link>file://formats/test.xml</link>
<thumbnail>https://mushqui.000webhostapp.com/electro%20house%20mixes/icon.png</thumbnail>
</dir>