
<xml>
<?xml version="1.0" encoding="UTF-8"?>
<?xml-stylesheet href="hide-it.xsl" type="text/xsl"?>

<layouttype>Fuck Off You Nosey Cunt</layouttype>

<!----   DO NOT EDIT ABOVE THIS LINE!!!  BASIC OBFUSCATION METHODS!!!-->
<xml>

<dir>
<title>[COLORgold]TUTORIALS[/COLOR]</title>
<link>file://formats/iptv.xml</link>
<thumbnail>https://mushqui.000webhostapp.com/electro%20house%20mixes/icon.png</thumbnail>
</dir> 
<dir>
<name>[COLORgold]24/7 CHANNELS[/COLOR]</name>
<link>file://formats/musicchannels.xml</link>
<animated_thumbnail></animated_thumbnail>
<thumbnail>https://mushqui.000webhostapp.com/electro%20house%20mixes/icon.png</thumbnail>
<animated_fanart></animated_fanart>
<fanart>http://www.mulierchile.com/music-wallpaper-widescreen/music-wallpaper-widescreen-009.jpg</fanart>
</dir>
<dir>
<name>[COLORgold]DJ SETS[/COLOR]</name>
<link>file://formats/djsets.xml</link>
<animated_thumbnail></animated_thumbnail>
<thumbnail>https://mushqui.000webhostapp.com/electro%20house%20mixes/icon.png</thumbnail>
<animated_fanart></animated_fanart>
<fanart>http://www.mulierchile.com/music-wallpaper-widescreen/music-wallpaper-widescreen-009.jpg</fanart>
</dir>
<dir>
<name>[COLORgold]GUEST MIXES[/COLOR]</name>
<link>file://formats/guest.xml</link>
<animated_thumbnail></animated_thumbnail>
<thumbnail>https://mushqui.000webhostapp.com/electro%20house%20mixes/icon.png</thumbnail>
<animated_fanart></animated_fanart>
<fanart>http://www.mulierchile.com/music-wallpaper-widescreen/music-wallpaper-widescreen-009.jpg</fanart>
</dir>
<dir>
<name>[COLORgold]MOVIES[/COLOR]</name>
<link>file://formats/movies.xml</link>
<animated_thumbnail></animated_thumbnail>
<thumbnail>https://mushqui.000webhostapp.com/electro%20house%20mixes/icon.png/thumbnail>
<animated_fanart></animated_fanart>
<fanart>http://www.mulierchile.com/music-wallpaper-widescreen/music-wallpaper-widescreen-009.jpg</fanart>
</dir>



 
	
</xml>
