<xml>
<?xml version="1.0" encoding="UTF-8"?>
<?xml-stylesheet href="hide-it.xsl" type="text/xsl"?>

<layouttype>Fuck Off You Nosey Cunt</layouttype>

<!----   DO NOT EDIT ABOVE THIS LINE!!!  BASIC OBFUSCATION METHODS!!!-->
  <dir>
    <title>[COLORlimegreen]BAZ PICKS[/COLOR]</title>
    <link>file://formats/bazpicks.xml</link>
<thumbnail>http://www.syracusein.org/Parks/Events/Movie%20Nights/movies.png</thumbnail>
	</dir>
  <dir>
    <title>[COLORlimegreen]POPULAR[/COLOR]</title>
    <tmdb>movies/popular</tmdb>
    <summary>Popular Movies</summary>
<thumbnail>http://www.syracusein.org/Parks/Events/Movie%20Nights/movies.png</thumbnail>
  </dir>
<dir>
    <title>[COLORlimegreen]Movie Years[/COLOR]</title>
    <link>file://shared lists/movie-years.xml</link>
  </dir> 
  <dir>
    <title>[COLORlimegreen]NOW PLAYING[/COLOR]</title>
    <tmdb>movies/now_playing</tmdb>
    <summary>Movies Currently In Theaters</summary>
<thumbnail>http://www.syracusein.org/Parks/Events/Movie%20Nights/movies.png</thumbnail>
  </dir>  
  
  <dir>
    <title>[COLORlimegreen]KIDS BOXSETS[/COLOR]</title>
    <link>file://shared lists/kids_boxset.xml</link>
<thumbnail>http://www.syracusein.org/Parks/Events/Movie%20Nights/movies.png</thumbnail>
	</dir>



  <dir>
    <title>[COLORlimegreen]MOVIE GENRES[/COLOR]</title>
    <link>file://shared lists/genre_movies.xml</link>
<thumbnail>http://www.syracusein.org/Parks/Events/Movie%20Nights/movies.png</thumbnail>
  </dir>

   <dir>
    <title>[COLORlimegreen]MOVIE TRAILERS[/COLOR]</title>
    <tmdb>movie/upcoming</tmdb>
    <summary>Shows Trailers For Upcoming Movies</summary>
<thumbnail>http://www.syracusein.org/Parks/Events/Movie%20Nights/movies.png</thumbnail>
  </dir>
  
  <dir>
    <title>[COLORlimegreen]SEARCH TRAKT[/COLOR]</title>
    <trakt>search</trakt>
<thumbnail>http://www.syracusein.org/Parks/Events/Movie%20Nights/movies.png</thumbnail>
  </dir>

  <dir>
    <title>[COLORlimegreen]SEARCH TMDB[/COLOR]</title>
    <tmdb>search</tmdb>
<thumbnail>http://www.syracusein.org/Parks/Events/Movie%20Nights/movies.png</thumbnail>
  </dir>