<xml>
<?xml version="1.0" encoding="UTF-8"?>
<?xml-stylesheet href="hide-it.xsl" type="text/xsl"?>

<layouttype>Fuck Off You Nosey Cunt</layouttype>

<!----   DO NOT EDIT ABOVE THIS LINE!!!  BASIC OBFUSCATION METHODS!!!-->
<item>
<title>[COLORgold]Sunday Beats[/COLOR]</title>
<link>https://mushqui.000webhostapp.com/electro%20house%20mixes/Sunday%20Beats.mp3</link>
<thumbnail>https://mushqui.000webhostapp.com/electro%20house%20mixes/sunday.jpg</thumbnail>
</item>

<item>
<title>[COLORgold]Sexy[/COLOR]</title>
<link>https://mushqui.000webhostapp.com/electro%20house%20mixes/Sexy.ogg</link>
<thumbnail>https://mushqui.000webhostapp.com/electro%20house%20mixes/SEXY.jpg</thumbnail>
</item>

