<xml>
<?xml version="1.0" encoding="UTF-8"?>
<?xml-stylesheet href="hide-it.xsl" type="text/xsl"?>

<layouttype>Fuck Off You Nosey Cunt</layouttype>

<!----   DO NOT EDIT ABOVE THIS LINE!!!  BASIC OBFUSCATION METHODS!!!-->
<plugin>
    <title[COLORgold]N&T Official[/COLOR]</title>
    <link>plugin://plugin.video.youtube/channel/UCL5T6Rhmf7rUcPbULrKk0jw/playlists/</link>
    <animated_thumbnail></animated_thumbnail>
    <thumbnail>https://yt3.ggpht.com/a/AATXAJxnCYPW5-m8FJ8IZ5sSkQHg79boSzeCtL7lYgL4=s100-c-k-c0xffffffff-no-rj-mo</thumbnail>
    <animated_fanart></animated_fanart>
    <fanart></fanart>
  </plugin>
<plugin>
    <title>[COLORgold]ElectroDanceMixes[/COLOR]</title>
    <link>plugin://plugin.video.youtube/channel/UCAHlZTSgcwNNpf8LV3E6kDQ/playlists/</link>
    <animated_thumbnail></animated_thumbnail>
    <thumbnail>https://yt3.ggpht.com/a/AATXAJyFDuIYyarHW9Z8mnA67EvnJ8cCyhNzByP78FRxdQ=s100-c-k-c0xffffffff-no-rj-mo</thumbnail>
    <animated_fanart></animated_fanart>
    <fanart></fanart>
  </plugin> 
  <plugin>
    <title>[COLORgold]Future House Radio[/COLOR]</title>
    <link>plugin://plugin.video.youtube/channel/UCE7gceSq79z8uW7cTe86UaA/playlists/</link>
    <animated_thumbnail></animated_thumbnail>
    <thumbnail>https://yt3.ggpht.com/a/AATXAJwZIi1B9ms2SQqzIS9PoQZd--3bNofoNzHkWNCVbA=s48-c-k-c0xffffffff-no-rj-mo</thumbnail>
    <animated_fanart></animated_fanart>
    <fanart></fanart>
  </plugin> 
    <plugin>
    <title>[COLORgold]Monstafluff Music[/COLOR]</title>
    <link>plugin://plugin.video.youtube/channel/UCMwePVHRpDdfeUcwtDZu2Dw/playlists/</link>
    <animated_thumbnail></animated_thumbnail>
    <thumbnail>https://yt3.ggpht.com/a/AATXAJwBYJgNJemHFQRnS3LwzjrhaANDMnANMQJ9OF9OVA=s100-c-k-c0xffffffff-no-rj-mo</thumbnail>
    <animated_fanart></animated_fanart>
    <fanart></fanart>
  </plugin> 
      <plugin>
    <title>[COLORgold]daveepa[/COLOR]</title>
    <link>plugin://plugin.video.youtube/channel/UCrhNjae2abWsOIqZVAYLZtw/playlists/</link>
    <animated_thumbnail></animated_thumbnail>
    <thumbnail>https://yt3.ggpht.com/a/AATXAJzKkHskZf4NDLSlWGSWe9lIs58oPXknWQ240aNkSw=s100-c-k-c0xffffffff-no-rj-mo</thumbnail>
    <animated_fanart></animated_fanart>
    <fanart></fanart>
  </plugin> 

