<xml>
<?xml version="1.0" encoding="UTF-8"?>
<?xml-stylesheet href="hide-it.xsl" type="text/xsl"?>

<layouttype>Fuck Off You Nosey Cunt</layouttype>

<!----   DO NOT EDIT ABOVE THIS LINE!!!  BASIC OBFUSCATION METHODS!!!-->

<dir>
<name>[COLORlimegreen]PREMIERSHIP MATCH DAY [/COLOR]</name>
<link>https://epl.seztv.uk/fuckoffyourobbers/getyourownlinks.xml</link>
<thumbnail>https://freeclipartimage.com//storage/upload/sports-clip-art/sports-clip-art-1.png</thumbnail>
</dir>
  

<plugin>
<dir>
<name>[COLORlimegreen]LIVE EVENTS[/COLOR]</name>
<link>file://formats/liveevents.xml</link>
<animated_thumbnail></animated_thumbnail>
<thumbnail>https://freeclipartimage.com//storage/upload/sports-clip-art/sports-clip-art-1.png</thumbnail>
<animated_fanart></animated_fanart>
<fanart>http://www.mulierchile.com/music-wallpaper-widescreen/music-wallpaper-widescreen-009.jpg</fanart>
</dir>
<dir>
<name>[COLORlimegreen]SPORT CHANNELS[/COLOR]</name>
<link>file://formats/sportchannels.xml</link>
<animated_thumbnail></animated_thumbnail>
<thumbnail>https://freeclipartimage.com//storage/upload/sports-clip-art/sports-clip-art-1.png</thumbnail>
<animated_fanart></animated_fanart>
<fanart>http://www.mulierchile.com/music-wallpaper-widescreen/music-wallpaper-widescreen-009.jpg</fanart>
</dir>
<dir>
<name>[COLORlimegreen]YOUTUBE TEAM CHANNELS[/COLOR]</name>
<link>file://formats/football.xml</link>
<animated_thumbnail></animated_thumbnail>
<thumbnail>https://freeclipartimage.com//storage/upload/sports-clip-art/sports-clip-art-1.png</thumbnail>
<animated_fanart></animated_fanart>
<fanart>http://www.mulierchile.com/music-wallpaper-widescreen/music-wallpaper-widescreen-009.jpg</fanart>
</dir>









