﻿<xml>
<?xml version="1.0" encoding="UTF-8"?>
<?xml-stylesheet href="hide-it.xsl" type="text/xsl"?>

<layouttype>Fuck Off You Nosey Cunt</layouttype>

<!----   DO NOT EDIT ABOVE THIS LINE!!!  BASIC OBFUSCATION METHODS!!!-->
<dir>
<title>[COLORlimegreen]SERVER [/COLOR][COLORwhite]1[/COLOR]</title>
<link>plugin://plugin.video.live.streamspro/?mode=1&url=https://pastebin.com/raw/z1LMshUB</link>
<thumbnail>https://freeclipartimage.com//storage/upload/sports-clip-art/sports-clip-art-1.png</thumbnail>
</dir>

<plugin>
<name>[COLORlimegreen]SERVER [/COLOR][COLORwhite]2[/COLOR]</name>
    <link>plugin://plugin.video.SportsDevil/?item=url=tv/cricfree.tv.cfg&amp;mode=1</link>
<thumbnail>https://freeclipartimage.com//storage/upload/sports-clip-art/sports-clip-art-1.png</thumbnail>
</plugin>
<plugin>
<name>[COLORlimegreen]SERVER [/COLOR][COLORwhite]3[/COLOR]</name>
<link>
<sublink>plugin://plugin.video.SportsDevil/?mode=1&amp;item=catcher%3dstreams%26url=http://mamahd.in/p/mama.php?id=17807 (Sky Sports Cricket)</sublink>
<sublink>plugin://plugin.video.SportsDevil/?mode=1&amp;item=catcher%3dstreams%26url=http://mamahd.in/p/mama.php?id=180822 (Sky Sports Action)</sublink>
<sublink>plugin://plugin.video.SportsDevil/?mode=1&amp;item=catcher%3dstreams%26url=http://mamahd.in/p/mama.php?id=18082 (Sky Sports Golf)</sublink>
<sublink>plugin://plugin.video.SportsDevil/?mode=1&amp;item=catcher%3dstreams%26url=http://mamahd.in/p/mama.php?id=17806 (Sky Sports Football)</sublink>
<sublink>plugin://plugin.video.SportsDevil/?mode=1&amp;item=catcher%3dstreams%26url=http://mamahd.in/p/mama.php?id=17805 (Sky Sports Premier League)</sublink>
<sublink>plugin://plugin.video.SportsDevil/?mode=1&amp;item=catcher%3dstreams%26url=http://mamahd.in/p/mama.php?id=17808 (Sky Sports Arena)</sublink>
<sublink>plugin://plugin.video.SportsDevil/?mode=1&amp;item=catcher%3dstreams%26url=http://mamahd.in/p/mama.php?id=17810 (Sky Sports F1)</sublink>
<sublink>plugin://plugin.video.SportsDevil/?mode=1&amp;item=catcher%3dstreams%26url=http://mamahd.in/p/mama.php?id=17809 (Sky Sports News)</sublink>
<sublink>plugin://plugin.video.SportsDevil/?mode=1&amp;item=catcher%3dstreams%26url=http://mamahd.in/p/mama2.php?id=17811 (BT Sports 1)</sublink>
<sublink>plugin://plugin.video.SportsDevil/?mode=1&amp;item=catcher%3dstreams%26url=http://mamahd.in/p/mama.php?id=17812 (BT Sports 2)</sublink>
<sublink>plugin://plugin.video.SportsDevil/?mode=1&amp;item=catcher%3dstreams%26url=http://mamahd.in/p/mama.php?id=17813 (BT Sports 3)</sublink>
<sublink>plugin://plugin.video.SportsDevil/?mode=1&amp;item=catcher%3dstreams%26url=http://mamahd.in/p/mama.php?id=17865 (BT Sports ESPN)</sublink>
<sublink>plugin://plugin.video.SportsDevil/?mode=1&amp;item=catcher%3dstreams%26url=http://mamahd.in/p/mama.php?id=17860 (Fox Sports 1)</sublink>
<sublink>plugin://plugin.video.SportsDevil/?mode=1&amp;item=catcher%3dstreams%26url=http://mamahd.in/p/mama.php?id=17861 (Fox Sports 2)</sublink>
<sublink>plugin://plugin.video.SportsDevil/?mode=1&amp;item=catcher%3dstreams%26url=http://mamahd.in/p/mama.php?id=17869 (nfl network)</sublink>
<sublink>plugin://plugin.video.SportsDevil/?mode=1&amp;item=catcher%3dstreams%26url=http://mamahd.in/p/mama.php?id=17851 (BeIn Sports US)</sublink>
<sublink>plugin://plugin.video.SportsDevil/?mode=1&amp;item=catcher%3dstreams%26url=http://mamahd.in/p/mama.php?id=17873 (Nbcsn)</sublink></link>
<thumbnail>https://freeclipartimage.com//storage/upload/sports-clip-art/sports-clip-art-1.png</thumbnail>
<fanart></fanart>
<content></content>
</plugin>



