<xml>


<dir>
<name>[COLORmediumslateblue]SKY MOVIES[/COLOR]</name>
<link>https://pastebin.com/raw/DbGcN6f0</link>
<animated_thumbnail></animated_thumbnail>
<thumbnail>https://progressive-sports.co.uk/files/5414/0205/1331/multi-sports.png</thumbnail>
<animated_fanart></animated_fanart>
<fanart>http://www.mulierchile.com/music-wallpaper-widescreen/music-wallpaper-widescreen-009.jpg</fanart>
</dir>

<dir>
<name>[COLORmediumslateblue]MUSIC MOVIES 4444njjkj[/COLOR]</name>
<link>file://formats/music.xml</link>
<animated_thumbnail></animated_thumbnail>
<thumbnail>https://progressive-sports.co.uk/files/5414/0205/1331/multi-sports.png</thumbnail>
<animated_fanart></animated_fanart>
<fanart>http://www.mulierchile.com/music-wallpaper-widescreen/music-wallpaper-widescreen-009.jpg</fanart>
</dir>

<dir>
<name>[COLORmediumslateblue]FITNESS ZONE[/COLOR]</name>
<link>https://pastebin.com/raw/CYQLih9U</link>
<animated_thumbnail></animated_thumbnail>
<thumbnail>https://progressive-sports.co.uk/files/5414/0205/1331/multi-sports.png</thumbnail>
<animated_fanart></animated_fanart>
<fanart>http://www.mulierchile.com/music-wallpaper-widescreen/music-wallpaper-widescreen-009.jpg</fanart>
</dir>

<dir>
<name>[COLORmediumslateblue]MUSIC CHANNELS[/COLOR]</name>
<link>https://pastebin.com/raw/egynNBHe</link>
<animated_thumbnail></animated_thumbnail>
<thumbnail>https://cdn0.iconfinder.com/data/icons/i_love_icons__by_svengraph-d2yk60n/512/headphones.png</thumbnail>
<animated_fanart></animated_fanart>
<fanart>http://www.mulierchile.com/music-wallpaper-widescreen/music-wallpaper-widescreen-009.jpg</fanart>
</dir>

<dir>
<name>[COLORmediumslateblue]KIDS CHANNELS[/COLOR]</name>
<link>https://pastebin.com/raw/HbKDPRgm</link>
<animated_thumbnail></animated_thumbnail>
<thumbnail>https://png.pngtree.com/element_pic/16/11/10/0963f5b2bb99c33a54164df0af81102b.jpg</thumbnail>
<animated_fanart></animated_fanart>
<fanart>http://www.mulierchile.com/music-wallpaper-widescreen/music-wallpaper-widescreen-009.jpg</fanart>
</dir>

<dir>
<name>[COLORmediumslateblue]DJ SETS[/COLOR]</name>
<link>https://pastebin.com/raw/1sRDQhuj</link>
<animated_thumbnail></animated_thumbnail>
<thumbnail>http://www.djsteven-s.com/wp-content/uploads/2016/06/Icon.png</thumbnail>
<animated_fanart></animated_fanart>
<fanart>http://www.mulierchile.com/music-wallpaper-widescreen/music-wallpaper-widescreen-009.jpg</fanart>
</dir>

<dir>
<name>[COLORmediumslateblue]UK CHARTS[/COLOR]</name>
<link>https://pastebin.com/raw/gBXcSV1U</link>
<animated_thumbnail></animated_thumbnail>
<thumbnail></thumbnail>
<animated_fanart></animated_fanart>
<fanart>http://www.mulierchile.com/music-wallpaper-widescreen/music-wallpaper-widescreen-009.jpg</fanart>
</dir>

<dir>
<name>[COLORmediumslateblue]90'S DANCE[/COLOR]</name>
<link>https://pastebin.com/raw/N0xjfGfH</link>
<animated_thumbnail></animated_thumbnail>
<thumbnail></thumbnail>
<animated_fanart></animated_fanart>
<fanart>http://www.mulierchile.com/music-wallpaper-widescreen/music-wallpaper-widescreen-009.jpg</fanart>
</dir>
  <plugin>
    <name>georgio</name>
    <link>plugin://plugin.video.jen/?action=openSettings</link>
    <thumbnail></thumbnail>
    <summary>Settings for Jen Addons</summary>
  </plugin>

  <plugin>
    <name>SEARCH</name>
    <link>plugin://plugin.video.jen/?action=search</link>
    <thumbnail></thumbnail>
    <summary>Search for Jen Addon</summary>
  </plugin>
</xml>
